env_step,episode_index,episode_return,episode_length,released
14,1,-4.287653651585184,14,1
28,2,-0.4070952446253631,14,1
42,3,0.7844592618765018,14,1
56,4,-3.333978094560391,14,1
70,5,-4.115894733991177,14,1
84,6,-2.6368160862081282,14,1
98,7,-0.7386791169627431,14,1
112,8,60.80761693151894,14,1
126,9,-0.3812824920650811,14,1
140,10,-7.007163665228737,14,1
154,11,-4.590549826525824,14,1
168,12,131.795813825933,14,1
182,13,-3.263704558998356,14,1
196,14,-2.4479781094532873,14,1
210,15,23.641173143960238,14,1
224,16,-1.5598928089055824,14,1
238,17,-8.675210283495586,14,1
252,18,-6.409737355586185,14,1
266,19,-8.599648991475101,14,1
280,20,0.2754072674093622,14,1
294,21,-0.9977663307455882,14,1
308,22,-1.8358374777175408,14,1
322,23,16.442358715371334,14,1
336,24,-2.797706491948523,14,1
350,25,-2.42851503067968,14,1
364,26,-1.4695576727037603,14,1
378,27,-1.5853370328652785,14,1
392,28,4.355639274223983,14,1
406,29,-6.53673571855268,14,1
420,30,-1.195041674192526,14,1
434,31,-3.0684143148700618,14,1
448,32,-2.9546404165716473,14,1
462,33,10.275236351485688,14,1
476,34,-3.854653970284224,14,1
490,35,-1.4506750656910503,14,1
504,36,4.512375855704115,14,1
518,37,-1.3312164904514292,14,1
532,38,11.330133654586007,14,1
546,39,-2.216425775624373,14,1
560,40,-2.0753938190728833,14,1
574,41,-5.060000187753076,14,1
588,42,-3.1908768465340582,14,1
602,43,25.865559602072416,14,1
616,44,7.478274707010024,14,1
630,45,-1.4848228754628314,14,1
644,46,-2.1919852881021784,14,1
658,47,-1.5691004774533066,14,1
672,48,-0.12406773047126562,14,1
686,49,3.9559338369141477,14,1
700,50,-2.1505753698626733,14,1
714,51,-0.47264697482804585,14,1
728,52,38.11495343678555,14,1
742,53,-0.5290182333478453,14,1
756,54,-4.111219160466019,14,1
770,55,-3.672101588396081,14,1
784,56,11.901930481378693,14,1
798,57,-2.386617303754074,14,1
812,58,3.91355659719775,14,1
826,59,-3.7796775927783495,14,1
840,60,107.93277801888341,14,1
854,61,-0.3326168833912707,14,1
868,62,-1.5682324998619734,14,1
882,63,-4.194402752026614,14,1
896,64,-3.005401289538685,14,1
910,65,19.77494967345717,14,1
924,66,-1.6415746136174063,14,1
938,67,12.039225376328561,14,1
952,68,-2.6253813591317248,14,1
966,69,0.5829854753690957,14,1
980,70,25.381272901103188,14,1
994,71,13.17371278744496,14,1
1008,72,-1.2893807074880788,14,1
1022,73,-5.579220125255963,14,1
1036,74,-2.4859972225886553,14,1
1050,75,7.530221431120606,14,1
1064,76,-2.2696297614653003,14,1
1078,77,5.741043105133949,14,1
1092,78,-4.343855895896157,14,1
1106,79,-0.915030061372051,14,1
1120,80,28.046210252192274,14,1
1134,81,11.466017354724835,14,1
1148,82,14.454847664180658,14,1
1162,83,-5.437089174531097,14,1
1176,84,-3.18718496142803,14,1
1190,85,-1.4179266539033366,14,1
1204,86,3.842172856801059,14,1
1218,87,10.03414127163971,14,1
1232,88,-3.453422885997093,14,1
1246,89,-3.3106890478432325,14,1
1260,90,-2.567460512800609,14,1
1274,91,68.03469855720284,14,1
1288,92,122.798692455221,14,1
1302,93,50.759554156194014,14,1
1316,94,9.428709914465731,14,1
1330,95,-3.6753688573828978,14,1
1344,96,-0.9111534870582512,14,1
1358,97,19.346212092000613,14,1
1372,98,-1.723603548221944,14,1
1386,99,10.107320211608608,14,1
1400,100,7.949288615768825,14,1
1414,101,-1.1085044243260191,14,1
1428,102,98.23636839709233,14,1
1442,103,1.8237064903798963,14,1
1456,104,-3.7614603076969444,14,1
1470,105,-2.7673490187551257,14,1
1484,106,0.04156351601697944,14,1
1498,107,4.4301449375433455,14,1
1512,108,-2.1658480131040276,14,1
1526,109,-1.2159595996336248,14,1
1540,110,7.210162897896632,14,1
1554,111,107.46248339240562,14,1
1568,112,46.65673694539026,14,1
1582,113,102.35506616022974,14,1
1597,114,-2.4060874285025253,15,1
1611,115,-4.791979582585212,14,1
1625,116,5.553903429946038,14,1
1639,117,-3.184886847564827,14,1
1653,118,-6.435366525142937,14,1
1667,119,7.397684118475931,14,1
1681,120,10.847699001558825,14,1
1695,121,-3.63869201587974,14,1
1709,122,-4.897881702613361,14,1
1723,123,-3.2850382927605506,14,1
1737,124,11.569066412031706,14,1
1751,125,18.771354193912227,14,1
1765,126,85.82330334917557,14,1
1779,127,44.2038189371936,14,1
1793,128,-4.948719954240529,14,1
1807,129,-5.394941719274528,14,1
1822,130,-12.314608031843948,15,1
1836,131,-1.0331127929570294,14,1
1850,132,3.0544247727190066,14,1
1864,133,18.034759608608883,14,1
1878,134,-5.239442467462308,14,1
1892,135,7.241687776993357,14,1
1906,136,-1.6419947834297692,14,1
1920,137,-9.431602017929697,14,1
1934,138,0.9949157968878701,14,1
1948,139,34.960449971018924,14,1
1962,140,-0.12261462331145906,14,1
1976,141,-7.594465114515179,14,1
1990,142,2.2100811428452727,14,1
2004,143,1.9856232218851424,14,1
2018,144,-7.682788310996451,14,1
2032,145,-1.2170679945275371,14,1
2046,146,-0.1665215743997479,14,1
2060,147,58.4936165290481,14,1
2074,148,32.74310172100846,14,1
2088,149,0.28138766285681616,14,1
2102,150,0.004509637077228956,14,1
2116,151,12.99105421394248,14,1
2130,152,-1.8043693696412968,14,1
2144,153,-3.4243365417697356,14,1
2158,154,-2.4705066216893,14,1
2172,155,6.6021867773445555,14,1
2186,156,-3.1666934689461246,14,1
2200,157,-0.6133203810949674,14,1
2214,158,-0.8098749752211398,14,1
2228,159,-0.9270657053455109,14,1
2242,160,36.906467117531385,14,1
2256,161,7.9074579997055565,14,1
2270,162,-5.0646971546457715,14,1
2284,163,15.041500638048253,14,1
2298,164,-4.107936033728304,14,1
2312,165,3.0012151869876957,14,1
2326,166,11.6035446759223,14,1
2340,167,-5.51553005869158,14,1
2354,168,26.772841863545903,14,1
2368,169,69.26321281453912,14,1
2382,170,-0.6396709205348193,14,1
2396,171,9.329135545246306,14,1
2410,172,14.106632947799957,14,1
2424,173,16.800868514226458,14,1
2438,174,-0.7059438528797793,14,1
2452,175,21.236701716789256,14,1
2466,176,53.838548261004235,14,1
2480,177,3.335426800171774,14,1
2494,178,16.452166769559636,14,1
2508,179,2.7828467630145246,14,1
2522,180,-0.7135611673655224,14,1
2536,181,-5.604974499287555,14,1
2550,182,12.871518452947948,14,1
2564,183,20.043856785327037,14,1
2578,184,33.382286540883484,14,1
2592,185,31.811657753970078,14,1
2606,186,9.444849462537414,14,1
2620,187,-5.271956262716341,14,1
2634,188,1.527537610882136,14,1
2648,189,99.7922606589749,14,1
2662,190,-0.4928043351739205,14,1
2676,191,36.39011587956012,14,1
2690,192,8.945402708830018,14,1
2704,193,-0.19784396696108075,14,1
2718,194,141.88628870165167,14,1
2732,195,-3.4723603383853274,14,1
2746,196,32.09704789693725,14,1
2760,197,48.082017312396914,14,1
2774,198,5.0040293217719976,14,1
2788,199,-3.115868731015009,14,1
2802,200,0.15217463413596843,14,1
2816,201,32.969136660316714,14,1
2830,202,-2.9083852675847575,14,1
2844,203,26.62318777958964,14,1
2858,204,94.00112908997075,14,1
2872,205,-1.483682640147236,14,1
2886,206,7.496958109709057,14,1
2900,207,-0.8926972509963291,14,1
2914,208,21.976541792249044,14,1
2929,209,-1.676930680727611,15,1
2943,210,92.84207687805899,14,1
2957,211,15.174306439298737,14,1
2971,212,5.500638806441165,14,1
2985,213,-1.1635361566572007,14,1
2999,214,-0.6218142697728184,14,1
3013,215,17.34196710172724,14,1
3027,216,2.3396877191523555,14,1
3041,217,-0.8559237175650147,14,1
3055,218,-0.8867866371429323,14,1
3069,219,8.388466876849385,14,1
3083,220,27.869498133466852,14,1
3097,221,6.5256543242215415,14,1
3111,222,-1.1247775708037622,14,1
3125,223,-0.4429458358284568,14,1
3139,224,3.8130136620324313,14,1
3153,225,-4.10939750919314,14,1
3167,226,-3.439570896661204,14,1
3181,227,-2.3057653313633972,14,1
3195,228,-1.1996377869481036,14,1
3209,229,24.856407855158537,14,1
3223,230,-2.647033187085361,14,1
3237,231,3.3482926167928486,14,1
3251,232,46.06791127365896,14,1
3265,233,3.73695858638091,14,1
3279,234,0.05649843985160294,14,1
3293,235,-2.3649851721309494,14,1
3307,236,2.974517054657966,14,1
3321,237,18.47331591666254,14,1
3335,238,5.66740708490623,14,1
3349,239,24.849487904352856,14,1
3363,240,111.6824138608543,14,1
3377,241,-0.5103115443005155,14,1
3391,242,22.865891252119322,14,1
3405,243,27.861088410643724,14,1
3419,244,3.827582214101964,14,1
3433,245,5.115137256527933,14,1
3447,246,60.03558632972871,14,1
3462,247,16.494796124329508,15,1
3476,248,-1.8743279490541616,14,1
3490,249,11.966939579443403,14,1
3504,250,42.510069753031516,14,1
3518,251,38.454071814470524,14,1
3532,252,9.941789313957322,14,1
3546,253,-0.3596147615405435,14,1
3560,254,19.009678979087077,14,1
3574,255,27.317457230585518,14,1
3588,256,82.97817709384275,14,1
3602,257,100.9881858594765,14,1
3616,258,19.822250889938687,14,1
3630,259,73.71308466793137,14,1
3644,260,38.60957112032134,14,1
3658,261,32.54815332017801,14,1
3672,262,66.48926875622664,14,1
3686,263,136.06922427059678,14,1
3700,264,57.570061830238735,14,1
3714,265,4.5189002646665895,14,1
3728,266,2.3736563352768383,14,1
3742,267,96.5566414562175,14,1
3756,268,-3.681694433412386,14,1
3770,269,10.139332825884976,14,1
3784,270,-0.27339748678243136,14,1
3798,271,54.90296383212858,14,1
3812,272,15.110295394788121,14,1
3827,273,8.761026025154996,15,1
3841,274,-0.037102189407277136,14,1
3855,275,46.97303814593403,14,1
3869,276,8.858249592845514,14,1
3883,277,3.0253065737401923,14,1
3897,278,48.04001121994387,14,1
3911,279,-1.1749792503844658,14,1
3925,280,8.024454905593593,14,1
3939,281,11.435374226294243,14,1
3954,282,-4.518560977726892,15,1
3968,283,9.733894498796195,14,1
3982,284,-0.36955358329406734,14,1
3996,285,0.0951471053151301,14,1
4010,286,1.187482726643664,14,1
4024,287,9.063233796041441,14,1
4038,288,-0.14111125203235547,14,1
4052,289,4.2214351448329115,14,1
4066,290,13.421733377007044,14,1
4080,291,23.10777788612594,14,1
4094,292,-1.6199163781047212,14,1
4108,293,-0.33415233189678123,14,1
4122,294,3.290193124986068,14,1
4136,295,-1.4809656029349123,14,1
4150,296,6.270463570480333,14,1
4164,297,3.651700153666078,14,1
4178,298,3.9173717805913917,14,1
4192,299,22.160478564835493,14,1
4206,300,-2.8368103882116245,14,1
4220,301,11.268803900646507,14,1
4234,302,0.8687253895130418,14,1
4248,303,-3.3723888307100793,14,1
4262,304,21.991682234258253,14,1
4276,305,30.0381266661688,14,1
4290,306,13.706300407936013,14,1
4304,307,11.822832453416764,14,1
4318,308,-2.4710114353633483,14,1
4332,309,0.3967518728230619,14,1
4346,310,-0.6817315973470166,14,1
4360,311,-4.705385323594822,14,1
4374,312,-5.304902955361174,14,1
4389,313,-4.883506764722372,15,1
4403,314,-3.0064555057436784,14,1
4417,315,5.00515206969188,14,1
4431,316,8.823329205378412,14,1
4446,317,-7.175116940859417,15,1
4460,318,4.947292434664515,14,1
4474,319,-6.708774953852364,14,1
4488,320,-5.88137142365429,14,1
4502,321,-10.635789562897784,14,1
4516,322,-7.9867674407744795,14,1
4530,323,-8.083163805162725,14,1
4544,324,-10.48876598693475,14,1
4561,325,-17.35765406177338,17,1
4575,326,-7.14813764146526,14,1
4590,327,-12.418385967838303,15,1
4604,328,-6.849469734873567,14,1
4619,329,-9.837804906163043,15,1
4633,330,-5.550986706955276,14,1
4647,331,-2.910798010678709,14,1
4661,332,-5.454706608896197,14,1
4675,333,-3.659753446392018,14,1
4689,334,-7.660811979891838,14,1
4703,335,-13.092747114376628,14,1
4718,336,-14.319715633747412,15,1
4732,337,-8.717017372941148,14,1
4746,338,-10.043192325300247,14,1
4760,339,-8.980036972685767,14,1
4774,340,-15.07422819376276,14,1
4788,341,-7.646348635021659,14,1
4802,342,-9.830263202719518,14,1
4816,343,-5.810423881720212,14,1
4830,344,-9.101448888773842,14,1
4844,345,-8.614644274699716,14,1
4858,346,-13.911397642200376,14,1
4872,347,-5.811533422820727,14,1
4886,348,-6.325823129383884,14,1
4900,349,-10.686279791562157,14,1
4914,350,-13.805344420241966,14,1
4928,351,-9.729405246850973,14,1
4942,352,-10.82372345482005,14,1
4956,353,-9.734676980887604,14,1
4971,354,-18.005712702517624,15,1
4985,355,-8.868914333406675,14,1
5000,356,-12.477189816567988,15,1
5014,357,-7.9083853513035836,14,1
5028,358,-10.985734112005128,14,1
5042,359,-5.605304316982864,14,1
5056,360,-6.202004964200213,14,1
5070,361,-14.338349062666165,14,1
5084,362,-10.713877794995982,14,1
5098,363,-6.605993813582829,14,1
5112,364,-10.516261457692595,14,1
5127,365,-15.678985940119134,15,1
5141,366,-5.122615681088085,14,1
5155,367,-5.323762888420182,14,1
5170,368,-6.6788952254918215,15,1
5184,369,-5.382910838439012,14,1
5198,370,-11.878317885799659,14,1
5212,371,-5.114334128686573,14,1
5226,372,-2.833130185027781,14,1
5240,373,-8.963468704969952,14,1
5254,374,-8.062854093696973,14,1
5268,375,-6.722996590480741,14,1
5283,376,-1.183290832576291,15,1
5298,377,-8.149302219423557,15,1
5312,378,1.8272558455037946,14,1
5326,379,-4.2873145978848415,14,1
5340,380,-1.043821852046813,14,1
5354,381,-5.9435461327967545,14,1
5368,382,84.04848112114065,14,1
5382,383,58.0724368028533,14,1
5396,384,77.49480583430976,14,1
5410,385,32.28093962334288,14,1
5424,386,23.356370859146846,14,1
5438,387,121.11971698714994,14,1
5452,388,67.7879371559943,14,1
5466,389,89.28684677111801,14,1
5480,390,112.56519196119402,14,1
5494,391,88.26802748340124,14,1
5508,392,125.53174728054101,14,1
5522,393,85.62081076733917,14,1
5536,394,36.053340054631974,14,1
5550,395,93.47355587612317,14,1
5564,396,42.19014787995187,14,1
5578,397,21.928291931519272,14,1
5592,398,108.7683664004945,14,1
5606,399,41.385280179400105,14,1
5620,400,66.27050050330759,14,1
5634,401,80.48766974243787,14,1
5648,402,89.33292731959081,14,1
5662,403,39.52849432456445,14,1
5676,404,41.87501388266645,14,1
5690,405,33.03522822883715,14,1
5704,406,95.93240735344345,14,1
5718,407,69.23479127700293,14,1
5732,408,47.27281475857081,14,1
5746,409,53.383640532236996,14,1
5760,410,11.437141757212713,14,1
5774,411,46.628739385469544,14,1
5788,412,30.358653778854244,14,1
5802,413,30.965291665859024,14,1
5816,414,67.40532120840481,14,1
5830,415,47.311115762926825,14,1
5844,416,92.36374999974173,14,1
5858,417,106.38923675145637,14,1
5872,418,132.67821950038638,14,1
5886,419,28.71194392682636,14,1
5900,420,40.05890183064515,14,1
5914,421,70.48107628319762,14,1
5928,422,39.45379224473736,14,1
5942,423,59.899739138958815,14,1
5956,424,27.129479714932422,14,1
5970,425,46.38248116132644,14,1
5984,426,78.2920842735888,14,1
5998,427,109.4574077294217,14,1
6012,428,66.81786242539775,14,1
6026,429,64.16531816975483,14,1
6040,430,16.724015025001336,14,1
6054,431,45.18530785033359,14,1
6068,432,33.69337759658203,14,1
6082,433,52.34692211060757,14,1
6096,434,86.00403863072148,14,1
6110,435,70.60250120572482,14,1
6124,436,99.07763405987146,14,1
6139,437,54.19985971234762,15,1
6153,438,103.78746626939089,14,1
6167,439,93.84326066287078,14,1
6181,440,120.17859626147118,14,1
6195,441,93.40483731270615,14,1
6209,442,94.73504493392734,14,1
6223,443,96.5011262347155,14,1
6237,444,67.21171834478545,14,1
6251,445,85.63502218232387,14,1
6265,446,39.694592242822964,14,1
6279,447,86.06024095866658,14,1
6293,448,104.0493139806489,14,1
6307,449,61.3795738585095,14,1
6321,450,81.38167657452594,14,1
6335,451,62.460816243997286,14,1
6349,452,110.84403055628304,14,1
6364,453,109.94162633782331,15,1
6378,454,105.90713863870286,14,1
6392,455,128.30432142347996,14,1
6406,456,69.2994316382145,14,1
6420,457,47.04547655262426,14,1
6434,458,114.92664915405453,14,1
6448,459,118.91830517504128,14,1
6462,460,99.32869463034143,14,1
6476,461,79.86437700611424,14,1
6490,462,110.54934763795791,14,1
6504,463,107.98792823676135,14,1
6518,464,143.73233727827042,14,1
6532,465,54.549860739517605,14,1
6546,466,143.693450654402,14,1
6560,467,60.30827593161988,14,1
6574,468,109.4702296631862,14,1
6588,469,131.61459143288968,14,1
6602,470,129.47482009077726,14,1
6616,471,60.11434552198548,14,1
6630,472,95.7143890176514,14,1
6644,473,17.77193262581926,14,1
6658,474,97.10838390489992,14,1
6672,475,93.29437854409638,14,1
6686,476,48.45236684926221,14,1
6700,477,108.871272050411,14,1
6714,478,127.0234296201635,14,1
6729,479,99.27517383721364,15,1
6744,480,106.47219998009494,15,1
6758,481,34.020512609106774,14,1
6772,482,76.01515216331426,14,1
6786,483,27.413610948454842,14,1
6800,484,134.22811518750507,14,1
6814,485,106.24292842732068,14,1
6828,486,97.07800617897117,14,1
6842,487,30.12259197433173,14,1
6856,488,77.50414394532851,14,1
6870,489,119.16268691571467,14,1
6884,490,19.571513065336713,14,1
6898,491,86.04684248655018,14,1
6912,492,126.2756463915003,14,1
6926,493,83.6436039407249,14,1
6940,494,95.73939524354046,14,1
6954,495,115.31500939211955,14,1
6968,496,142.2924109047124,14,1
6982,497,102.07630595876414,14,1
6996,498,135.74923849781365,14,1
7010,499,23.06413739347672,14,1
7024,500,49.65957861009373,14,1
7038,501,43.68867325456865,14,1
7053,502,123.0261106640163,15,1
7067,503,58.00840324880213,14,1
7082,504,57.86685433543059,15,1
7096,505,33.1758713101493,14,1
7110,506,112.73179483622165,14,1
7124,507,51.76001255041211,14,1
7138,508,84.45861922947954,14,1
7152,509,83.61122422449705,14,1
7166,510,109.87992037963286,14,1
7180,511,130.68683845278366,14,1
7194,512,21.266315455776425,14,1
7209,513,110.20830280426676,15,1
7223,514,130.28665995230912,14,1
7239,515,103.7342571501428,16,1
7253,516,51.664515376144756,14,1
7267,517,115.64120056240556,14,1
7281,518,127.13776793548692,14,1
7295,519,124.1494186596255,14,1
7309,520,68.19052315159995,14,1
7323,521,132.47057346878674,14,1
7337,522,124.06791414224887,14,1
7353,523,87.68868242882328,16,1
7367,524,80.76656578987028,14,1
7381,525,76.41484214989306,14,1
7395,526,94.03774400010228,14,1
7409,527,82.70826368586572,14,1
7423,528,132.94034813145657,14,1
7437,529,77.05931673533067,14,1
7451,530,77.8329340248082,14,1
7465,531,125.49004559733655,14,1
7479,532,105.12488069933553,14,1
7493,533,126.0765425383722,14,1
7507,534,35.220640650543764,14,1
7521,535,119.89367235280332,14,1
7535,536,81.51802145011044,14,1
7549,537,132.22264190191248,14,1
7563,538,103.83662282215663,14,1
7578,539,142.30872324039626,15,1
7595,540,93.37642424976025,17,1
7609,541,106.96333466755057,14,1
7623,542,127.5613410077091,14,1
7637,543,134.62376887960275,14,1
7652,544,93.98009864374896,15,1
7666,545,112.41657466559106,14,1
7681,546,68.17419084004013,15,1
7695,547,34.20413879374428,14,1
7709,548,73.83124994267118,14,1
7723,549,73.37003729667977,14,1
7737,550,121.05435497124091,14,1
7751,551,106.48820004493517,14,1
7765,552,78.6117981397824,14,1
7779,553,133.89306064787715,14,1
7793,554,135.64800091298332,14,1
7807,555,143.0793748452146,14,1
7823,556,63.245327546552446,16,1
7837,557,126.58223716476228,14,1
7851,558,45.321446646582295,14,1
7865,559,128.26145117280186,14,1
7879,560,83.44546970853102,14,1
7893,561,68.61737643645675,14,1
7907,562,136.0136387684354,14,1
7921,563,107.43080582000421,14,1
7935,564,143.1667401074915,14,1
7950,565,95.1898050600646,15,1
7964,566,125.03087326711804,14,1
7978,567,84.20494094255885,14,1
7993,568,114.10149032634865,15,1
8007,569,77.63109295625557,14,1
8022,570,48.11227643925188,15,1
8036,571,58.36079334288323,14,1
8050,572,112.12132844052904,14,1
8064,573,99.99293205392715,14,1
8078,574,95.72826522243079,14,1
8092,575,114.86783007497303,14,1
8106,576,125.97992372030298,14,1
8120,577,70.297236524454,14,1
8134,578,109.47534395104519,14,1
8149,579,122.54303186950762,15,1
8164,580,79.71298704798518,15,1
8179,581,132.21084230328017,15,1
8193,582,143.48154215541044,14,1
8207,583,124.18150143365719,14,1
8221,584,141.65438681046038,14,1
8235,585,81.17669282660556,14,1
8251,586,64.75869131144611,16,1
8265,587,97.95777317230431,14,1
8279,588,140.74626176282914,14,1
8293,589,142.2073950978645,14,1
8307,590,122.92297310714576,14,1
8321,591,129.1802855038514,14,1
8335,592,84.92094895290617,14,1
8349,593,86.17584641094273,14,1
8363,594,99.81934550105207,14,1
8378,595,141.51139988656772,15,1
8392,596,106.00784445473077,14,1
8406,597,106.84734810372157,14,1
8420,598,106.66124768333349,14,1
8434,599,99.87994983549723,14,1
8448,600,64.09435464810824,14,1
8462,601,108.63768581061255,14,1
8476,602,65.14043449310103,14,1
8490,603,101.53545638263066,14,1
8504,604,80.89585966822912,14,1
8518,605,47.67291476079867,14,1
8532,606,65.88235319632376,14,1
8546,607,66.43218828959,14,1
8560,608,66.37045542555684,14,1
8574,609,49.86442904473309,14,1
8588,610,53.66275318468284,14,1
8602,611,72.01669876730067,14,1
8616,612,80.39234594215718,14,1
8630,613,93.3652746531711,14,1
8644,614,96.50336509309275,14,1
8658,615,143.48957355354509,14,1
8672,616,98.01493278347226,14,1
8686,617,124.4028758483268,14,1
8700,618,66.04742952726157,14,1
8714,619,63.52905418468656,14,1
8728,620,85.72670322503588,14,1
8742,621,30.019733669742827,14,1
8756,622,127.44514168952016,14,1
8770,623,122.37645895549619,14,1
8785,624,40.69587911956583,15,1
8799,625,64.76840976804218,14,1
8813,626,113.77367976592174,14,1
8828,627,57.60531972249005,15,1
8842,628,132.8893558553383,14,1
8856,629,87.15430380176582,14,1
8870,630,12.223976500899688,14,1
8884,631,59.11007643545971,14,1
8898,632,92.90790970658685,14,1
8912,633,104.95166721512211,14,1
8926,634,120.61525719329025,14,1
8940,635,131.16610473258484,14,1
8954,636,95.54110760392346,14,1
8968,637,125.5517515784875,14,1
8982,638,60.27011454874226,14,1
8996,639,130.7618243649373,14,1
9011,640,110.10995326411079,15,1
9025,641,125.47852167834941,14,1
9039,642,125.8697342967895,14,1
9053,643,109.60729111692851,14,1
9067,644,134.88554880756365,14,1
9082,645,113.3012891749952,15,1
9096,646,97.01693383995202,14,1
9110,647,130.35571425175286,14,1
9124,648,135.76994080304632,14,1
9139,649,69.32328836863039,15,1
9153,650,131.50018864119434,14,1
9167,651,134.5743372300311,14,1
9181,652,90.5081448739496,14,1
9195,653,142.17140237472358,14,1
9209,654,95.7896246284969,14,1
9223,655,105.41362920969931,14,1
9237,656,92.38190573120221,14,1
9251,657,112.32030572519233,14,1
9265,658,128.09149198066902,14,1
9279,659,130.22941187143556,14,1
9294,660,112.71282075841357,15,1
9309,661,133.39501493650278,15,1
9323,662,132.2805827848013,14,1
9337,663,126.82144720297578,14,1
9351,664,131.44887193189027,14,1
9365,665,86.8283324058338,14,1
9379,666,132.82498154038794,14,1
9394,667,85.91293012986631,15,1
9408,668,131.21675119756466,14,1
9423,669,109.39501459199742,15,1
9437,670,127.01269127111692,14,1
9451,671,114.46609764514784,14,1
9465,672,131.06757993800207,14,1
9479,673,127.3805927566349,14,1
9493,674,133.07819141109388,14,1
9508,675,142.2970876461275,15,1
9522,676,123.84216101183668,14,1
9536,677,94.8108720140375,14,1
9550,678,94.8349724050987,14,1
9564,679,140.85330578536048,14,1
9578,680,124.6671813957864,14,1
9592,681,131.7029075010401,14,1
9606,682,123.2341725420701,14,1
9621,683,130.96261621791757,15,1
9635,684,124.10741709997934,14,1
9652,685,85.79080740495242,17,1
9666,686,75.37531485926556,14,1
9680,687,102.91110035793204,14,1
9695,688,134.2467735379573,15,1
9709,689,118.55461340840363,14,1
9723,690,132.3398153287484,14,1
9737,691,79.26160500726418,14,1
9751,692,100.67264864395077,14,1
9765,693,110.73685311139052,14,1
9779,694,1.7861838815770406,14,1
9793,695,15.10673872794171,14,1
9807,696,90.2952712283603,14,1
9821,697,-0.35404140134344386,14,1
9836,698,34.88809327096173,15,1
9850,699,19.092877652548868,14,1
9864,700,124.66847722208733,14,1
9878,701,86.053851109969,14,1
9893,702,31.28421410937662,15,1
9907,703,108.75216020554932,14,1
9922,704,3.0248394547697552,15,1
9937,705,12.312102611338734,15,1
9953,706,50.93059790629113,16,1
9967,707,122.60954522106113,14,1
9981,708,-3.4811249103814466,14,1
9997,709,-3.0029366835464613,16,1
10011,710,95.97172329262915,14,1
10025,711,1.9792120709971919,14,1
10040,712,-4.7622101418031075,15,1
10054,713,-7.630864595069227,14,1
10068,714,-0.8326695113924237,14,1
10082,715,1.7602122269184513,14,1
10098,716,-9.57811951409939,16,1
10112,717,-4.876789339916926,14,1
10126,718,-0.3739892390382956,14,1
10140,719,-2.2342029202179026,14,1
10154,720,-8.711780159604231,14,1
10168,721,-6.687925848211942,14,1
10182,722,-8.807523661345638,14,1
10196,723,-2.7791675476597346,14,1
10210,724,-6.998915927504308,14,1
10224,725,-6.4068092108298025,14,1
10238,726,-9.645010038924212,14,1
10253,727,-1.7016937357855857,15,1
10267,728,8.03424270020131,14,1
10281,729,-4.690128775436946,14,1
10295,730,-3.950533222525623,14,1
10310,731,-25.00161815375333,15,1
10324,732,-9.46664314479686,14,1
10338,733,-8.445120556667682,14,1
10353,734,-6.76883781624722,15,1
10367,735,-12.446493488261446,14,1
10381,736,-9.987810351306043,14,1
10395,737,-9.71209803146104,14,1
10409,738,-6.1315745457769735,14,1
10424,739,-9.220384319598617,15,1
10438,740,-11.09172441612306,14,1
10452,741,-2.070251698860351,14,1
10466,742,-5.396357750610068,14,1
10480,743,-6.251260513101168,14,1
10494,744,-1.708665294284608,14,1
10508,745,-2.169637855433239,14,1
10522,746,-3.7766239593085293,14,1
10536,747,-3.9748970753837183,14,1
10550,748,4.474165713632175,14,1
10564,749,0.8808236860711549,14,1
10578,750,5.299774558423092,14,1
10592,751,-2.5845059953857414,14,1
10606,752,-2.3529450761667285,14,1
10620,753,-2.0932562751419277,14,1
10634,754,-5.969555170753709,14,1
10648,755,-3.890741510394746,14,1
10662,756,8.789911628693282,14,1
10677,757,-2.611411149652142,15,1
10691,758,-4.1860334318392365,14,1
10705,759,1.5889458342663567,14,1
10719,760,-2.218951814639071,14,1
10734,761,-1.7432182595970354,15,1
10749,762,-1.3749254276145169,15,1
10764,763,-2.0500505827454965,15,1
10780,764,-3.9167649244892457,16,1
10794,765,-2.6104121322265432,14,1
10808,766,-2.945710095071319,14,1
10822,767,-5.088105164963029,14,1
10836,768,-8.07271169883122,14,1
10850,769,-3.2626748075382617,14,1
10864,770,-5.1102390889605696,14,1
10878,771,-4.158553527112882,14,1
10892,772,-1.6797901669769053,14,1
10906,773,-8.66191107276828,14,1
10920,774,-9.617528162828666,14,1
10934,775,-5.939033019800309,14,1
10949,776,-7.389076324885769,15,1
10963,777,-6.348935632908177,14,1
10977,778,-9.993915999933122,14,1
10991,779,14.124298541508239,14,1
11005,780,-0.2033227566098264,14,1
11019,781,-7.014980404490466,14,1
11033,782,-5.241677872277671,14,1
11047,783,-2.035914454388436,14,1
11061,784,-0.7495675682604263,14,1
11075,785,-3.675836538234327,14,1
11089,786,1.6298873387794475,14,1
11104,787,14.176128052768808,15,1
11119,788,-1.2867498829893782,15,1
11134,789,0.7713416038002181,15,1
11148,790,-2.4088657618875566,14,1
11162,791,-9.215488875818064,14,1
11176,792,-1.3565202224730384,14,1
11192,793,7.05058058095526,16,1
11209,794,-2.606062752230106,17,1
11223,795,-0.5092196008155346,14,1
11238,796,4.232104849211784,15,1
11253,797,-0.029391540070512923,15,1
11267,798,-0.5018261131367777,14,1
11281,799,0.671402708774044,14,1
11296,800,-7.389548274075463,15,1
11310,801,-3.6845272784914678,14,1
11324,802,3.5450709638708964,14,1
11338,803,-8.074927727295748,14,1
11353,804,0.18274801170378607,15,1
11367,805,21.067970532578585,14,1
11382,806,-9.991187663993099,15,1
11396,807,-2.015423012918192,14,1
11410,808,9.819935072362627,14,1
11424,809,10.380079179785682,14,1
11439,810,-2.001862228483298,15,1
11453,811,2.269983983959124,14,1
11467,812,-2.0427433948609597,14,1
11482,813,0.2223535708612302,15,1
11496,814,-1.2744581117189644,14,1
11510,815,2.9363503538663362,14,1
11526,816,-0.1500120975785048,16,1
11541,817,14.7356018363786,15,1
11555,818,2.679920248284385,14,1
11569,819,15.652783651837163,14,1
11586,820,0.01222446035415281,17,1
11600,821,-4.044657253247621,14,1
11616,822,1.3027483526749644,16,1
11633,823,2.0949083068323446,17,1
11647,824,2.09053224859128,14,1
11662,825,3.932218986524967,15,1
11676,826,4.042361749516077,14,1
11690,827,41.23561361270811,14,1
11704,828,8.490674772435241,14,1
11718,829,-1.5292686747068847,14,1
11732,830,30.404886275410277,14,1
11749,831,25.353399067044094,17,1
11769,832,18.516804592426507,20,1
11783,833,10.855101377818242,14,1
11797,834,3.0792842462591463,14,1
11811,835,43.49897328435336,14,1
11825,836,11.18262017180995,14,1
11839,837,-1.0600669725235383,14,1
11855,838,30.146784564615956,16,1
11869,839,77.98472550466472,14,1
11883,840,45.68394245654767,14,1
11897,841,39.03856625944903,14,1
11911,842,11.464041678214192,14,1
11925,843,114.83794003679523,14,1
11939,844,55.53486424381476,14,1
11955,845,42.15365742022236,16,1
11970,846,84.03128920970882,15,1
11984,847,39.25637377079395,14,1
11998,848,35.88693077049514,14,1
12012,849,93.90368673785281,14,1
12027,850,124.05591809205147,15,1
12045,851,127.81140713083477,18,1
12060,852,84.01160884496076,15,1
12074,853,84.48668375305304,14,1
12092,854,72.3489875304634,18,1
12107,855,30.223435070341466,15,1
12125,856,132.555608872355,18,1
12139,857,9.006844279618326,14,1
12153,858,114.54121948369263,14,1
12167,859,54.99707217037302,14,1
12181,860,110.15760588675793,14,1
12195,861,129.99923161412607,14,1
12209,862,126.38909463411743,14,1
12223,863,20.341453659752304,14,1
12237,864,108.00821985043683,14,1
12251,865,111.88660347989125,14,1
12265,866,127.45933515302366,14,1
12279,867,132.47655581703688,14,1
12294,868,63.63681249777434,15,1
12309,869,83.86065353567194,15,1
12324,870,34.29487888356556,15,1
12338,871,142.55726870468263,14,1
12352,872,23.974129867786296,14,1
12366,873,125.72039265192082,14,1
12383,874,123.34912277388626,17,1
12397,875,129.76871298891564,14,1
12411,876,44.80962096805773,14,1
12425,877,66.72280835271992,14,1
12442,878,87.84882993544406,17,1
12456,879,141.79062762333425,14,1
12471,880,84.85581302463147,15,1
12485,881,115.56311233997009,14,1
12499,882,130.00669741678624,14,1
12515,883,127.45128888202541,16,1
12529,884,63.42691633253997,14,1
12543,885,101.80500191555014,14,1
12557,886,112.73577274958379,14,1
12571,887,109.08652718600042,14,1
12585,888,132.21545509037438,14,1
12600,889,92.25438886647858,15,1
12614,890,127.86988509150483,14,1
12628,891,37.593783025432046,14,1
12642,892,39.50145763241283,14,1
12657,893,71.7197793190216,15,1
12671,894,55.96696063321431,14,1
12687,895,66.96529898218414,16,1
12701,896,25.217682222334457,14,1
12716,897,64.2886831427099,15,1
12731,898,21.768144187145456,15,1
12745,899,110.53121466839755,14,1
12761,900,34.874155331823594,16,1
12776,901,125.02620686939832,15,1
12790,902,109.53310082652612,14,1
12804,903,-6.623012488868775,14,1
12818,904,131.24527161568258,14,1
12832,905,109.62368529788323,14,1
12846,906,111.15991693891239,14,1
12860,907,123.47851163395252,14,1
12875,908,106.65323594223192,15,1
12889,909,36.63567731039979,14,1
12903,910,47.18399550809993,14,1
12917,911,79.23089758314079,14,1
12931,912,55.01873033049401,14,1
12945,913,104.77453111446466,14,1
12961,914,70.50444961932627,16,1
12975,915,48.05076384491846,14,1
12989,916,17.18151709799379,14,1
13003,917,10.683976247549953,14,1
13017,918,37.48279194162472,14,1
13032,919,45.35007622911481,15,1
13046,920,85.51841735038909,14,1
13062,921,69.86238314563069,16,1
13076,922,103.1889675563067,14,1
13092,923,-12.042483061368959,16,1
13108,924,-12.252762460074539,16,1
13122,925,-16.630513552317396,14,1
13138,926,-25.29944690060016,16,1
13152,927,127.3972861037564,14,1
13168,928,-24.471822446593674,16,1
13182,929,32.36543790261051,14,1
13197,930,-4.577564393789839,15,1
13211,931,11.486930805068077,14,1
13226,932,131.49780624666727,15,1
13240,933,4.0872496875299476,14,1
13256,934,-7.689979474591333,16,1
13270,935,44.849464369852804,14,1
13288,936,-9.930717975876405,18,1
13304,937,40.014250370802685,16,1
13318,938,22.98094165731352,14,1
13332,939,-16.33126831453455,14,1
13346,940,25.325330142450106,14,1
13360,941,-9.714181124361819,14,1
13374,942,-12.750527435047578,14,1
13389,943,-13.22585755421588,15,1
13403,944,-6.9576868899624875,14,1
13417,945,-10.326476992151779,14,1
13431,946,-9.182903058110506,14,1
13445,947,43.828743956340816,14,1
13460,948,26.661829174321475,15,1
13474,949,-7.058910838167021,14,1
13488,950,18.044672783343074,14,1
13503,951,-2.156541132865965,15,1
13517,952,-6.338361652860492,14,1
13531,953,84.16384962056149,14,1
13545,954,-1.5189061485100508,14,1
13559,955,-1.9162780106089636,14,1
13574,956,-7.533909172923324,15,1
13588,957,-4.8173929510167115,14,1
13602,958,-3.2278865509014794,14,1
13616,959,-3.496520037084441,14,1
13630,960,-7.012812154234589,14,1
13644,961,73.15549120662152,14,1
13659,962,-6.243349406070579,15,1
13673,963,-6.369186291446608,14,1
13687,964,-10.057577278549157,14,1
13701,965,-7.267769037679563,14,1
13715,966,-4.651553012646736,14,1
13729,967,-0.5281056081789859,14,1
13743,968,-6.233173928559003,14,1
13757,969,58.58534610524112,14,1
13773,970,-3.5933881383865223,16,1
13787,971,93.9250395668754,14,1
13802,972,-3.6705210222683333,15,1
13816,973,-4.727018779566962,14,1
13830,974,62.757594208123734,14,1
13844,975,-2.687449747120869,14,1
13858,976,-4.866872903002043,14,1
13873,977,-7.101699506119479,15,1
13887,978,-5.704214604062175,14,1
13902,979,-5.170112722028069,15,1
13916,980,-3.182997957285032,14,1
13930,981,95.897618027699,14,1
13944,982,-5.580066530637329,14,1
13958,983,-2.6716830984750453,14,1
13972,984,5.13420315235975,14,1
13986,985,3.288547358394352,14,1
14000,986,-3.293967553812811,14,1
14015,987,-3.0630292290533085,15,1
14030,988,83.4073469629774,15,1
14044,989,124.519766988116,14,1
14058,990,-1.7869181919935684,14,1
14073,991,2.9273526356446125,15,1
14088,992,28.586530745758285,15,1
14102,993,-1.4418005508753968,14,1
14118,994,24.35762561081497,16,1
14133,995,21.566530577458735,15,1
14148,996,112.67034349599336,15,1
14162,997,3.235018356768307,14,1
14178,998,8.179310877127259,16,1
14193,999,19.792803060900724,15,1
14208,1000,7.189915111488127,15,1
14222,1001,9.963564610423456,14,1
14236,1002,95.9901758694073,14,1
14250,1003,80.75624038308895,14,1
14264,1004,49.849730874673426,14,1
14278,1005,66.88745764538811,14,1
14292,1006,30.604499357935794,14,1
14306,1007,21.397868792964715,14,1
14320,1008,21.486828188449255,14,1
14334,1009,1.5735336451240367,14,1
14350,1010,15.308688526801133,16,1
14365,1011,40.572442283406346,15,1
14381,1012,17.395392241672727,16,1
14395,1013,78.22966626855903,14,1
14409,1014,15.42503600062872,14,1
14423,1015,26.719043331221048,14,1
14437,1016,81.0229935533197,14,1
14451,1017,110.91436484181006,14,1
14465,1018,11.302785336435875,14,1
14479,1019,42.428794064199565,14,1
14493,1020,126.09354456041493,14,1
14507,1021,106.87270582786573,14,1
14522,1022,69.34249897737838,15,1
14536,1023,107.66983143819392,14,1
14551,1024,40.920408304439995,15,1
14565,1025,67.98230129480038,14,1
14579,1026,47.92451818588024,14,1
14593,1027,103.04396133495892,14,1
14607,1028,91.90820968459938,14,1
14622,1029,106.54388828989191,15,1
14636,1030,103.94889985349242,14,1
14650,1031,58.7430482722953,14,1
14664,1032,58.71787176192357,14,1
14678,1033,91.46594051185176,14,1
14692,1034,100.2075814933147,14,1
14706,1035,104.07464222389204,14,1
14720,1036,54.03641616839924,14,1
14735,1037,133.15995421891319,15,1
14749,1038,72.75155960354854,14,1
14763,1039,82.86182340899515,14,1
14777,1040,131.53677242144244,14,1
14791,1041,119.1746046358936,14,1
14807,1042,62.476255824463024,16,1
14822,1043,134.25467780835152,15,1
14836,1044,68.63037930987389,14,1
14850,1045,90.5063477697964,14,1
14864,1046,128.8937768321442,14,1
14878,1047,75.94406932525546,14,1
14892,1048,82.0047312742996,14,1
14907,1049,79.64971993531697,15,1
14921,1050,78.420718484455,14,1
14935,1051,106.41387357290166,14,1
14949,1052,110.88113655730757,14,1
14963,1053,120.20786342057812,14,1
14977,1054,141.09217145781872,14,1
14991,1055,120.83906024586987,14,1
15005,1056,127.46720025461711,14,1
15019,1057,108.31871278300443,14,1
15033,1058,112.29723876460457,14,1
15047,1059,121.76406040689109,14,1
15062,1060,134.84220039366699,15,1
15076,1061,106.94252126121816,14,1
15091,1062,72.2997161568997,15,1
15105,1063,131.57243212023755,14,1
15120,1064,126.32772273828189,15,1
15134,1065,91.20374256035608,14,1
15148,1066,120.68534140637179,14,1
15163,1067,122.2859912918955,15,1
15179,1068,128.5660667863383,16,1
15193,1069,112.55064152057881,14,1
15207,1070,105.72293959626779,14,1
15221,1071,114.90781567786694,14,1
15235,1072,107.57121089730427,14,1
15249,1073,107.9102954327274,14,1
15263,1074,85.16958714350757,14,1
15277,1075,128.76850365411212,14,1
15291,1076,101.73410547218342,14,1
15306,1077,122.2146690166947,15,1
15323,1078,83.36315843029415,17,1
15337,1079,130.4090525406768,14,1
15352,1080,125.50400951447497,15,1
15368,1081,119.91577604761162,16,1
15383,1082,132.29834928908792,15,1
15398,1083,133.22549252509586,15,1
15412,1084,131.38753920922014,14,1
15426,1085,108.66487018187243,14,1
15440,1086,133.38245172320572,14,1
15454,1087,128.68724411463845,14,1
15469,1088,104.3232355055472,15,1
15483,1089,124.37144339515582,14,1
15501,1090,97.33331633331721,18,1
15515,1091,129.79100949754604,14,1
15529,1092,125.97424932816803,14,1
15543,1093,127.47317476183062,14,1
15559,1094,99.51976647908005,16,1
15573,1095,102.26646177579681,14,1
15587,1096,76.75744847394162,14,1
15601,1097,133.11341498192652,14,1
15616,1098,141.56131723335247,15,1
15632,1099,142.11235704636232,16,1
15647,1100,134.28382701781283,15,1
15661,1101,131.9314345903489,14,1
15675,1102,134.55316917641102,14,1
15689,1103,142.52973978778235,14,1
15708,1104,97.78220939059268,19,1
15723,1105,114.9794244189992,15,1
15737,1106,131.19350389984498,14,1
15754,1107,98.37132449426612,17,1
15769,1108,113.20485378659028,15,1
15783,1109,102.31737335371231,14,1
15797,1110,120.7846078820945,14,1
15811,1111,121.80760725869138,14,1
15825,1112,94.23455358090568,14,1
15839,1113,125.03584962170117,14,1
15853,1114,40.83976681121547,14,1
15867,1115,128.08356462208764,14,1
15882,1116,113.43501496992292,15,1
15896,1117,144.28470658567534,14,1
15910,1118,119.63646461909202,14,1
15924,1119,120.68623465075783,14,1
15938,1120,113.19415667745292,14,1
15953,1121,128.50055420862162,15,1
15967,1122,141.52417078836498,14,1
15981,1123,119.39615759025017,14,1
15995,1124,132.83154081824622,14,1
16009,1125,109.50677049073785,14,1
16027,1126,112.40662217066591,18,1
16041,1127,114.77737815309798,14,1
16055,1128,64.13243971223426,14,1
16069,1129,119.48465695635647,14,1
16086,1130,86.76493843960908,17,1
16100,1131,121.11791979820416,14,1
16117,1132,127.27149709201002,17,1
16131,1133,99.56151995157427,14,1
16145,1134,107.5690022393102,14,1
16159,1135,77.86855299929532,14,1
16173,1136,120.50297694723788,14,1
16187,1137,115.17370227205328,14,1
16201,1138,85.38899949867495,14,1
16216,1139,94.82899308055886,15,1
16230,1140,51.499404596976504,14,1
16244,1141,102.59515558635623,14,1
16259,1142,123.1422681644962,15,1
16273,1143,114.59232822780032,14,1
16287,1144,141.74677495086885,14,1
16301,1145,125.97822946787655,14,1
16316,1146,129.23252841228535,15,1
16333,1147,134.33687985208098,17,1
16347,1148,141.63031486396514,14,1
16361,1149,109.66568169020931,14,1
16375,1150,119.72284849995002,14,1
16389,1151,90.31642058919228,14,1
16404,1152,109.49000630998847,15,1
16418,1153,38.97576483368107,14,1
16432,1154,105.66759266772748,14,1
16446,1155,132.22263004146055,14,1
16460,1156,34.51793852541216,14,1
16474,1157,103.47968287029282,14,1
16492,1158,102.16685312670842,18,1
16506,1159,92.31182257584938,14,1
16520,1160,104.82351757899653,14,1
16535,1161,99.90080366394298,15,1
16550,1162,117.27341644295727,15,1
16564,1163,78.5244132090087,14,1
16580,1164,108.80932782607265,16,1
16595,1165,76.84784360813995,15,1
16609,1166,64.84647059433156,14,1
16623,1167,35.8286133029713,14,1
16637,1168,102.34651396062337,14,1
16651,1169,52.6449142552445,14,1
16665,1170,67.8096428160632,14,1
16680,1171,65.48400205258746,15,1
16694,1172,83.30868829560872,14,1
16708,1173,86.1106908010878,14,1
16722,1174,19.946674888367447,14,1
16736,1175,84.81087423594967,14,1
16751,1176,61.51863901824043,15,1
16766,1177,77.5525402639528,15,1
16780,1178,35.88369426544131,14,1
16794,1179,97.03656744883617,14,1
16808,1180,27.502198222267427,14,1
16822,1181,71.96160504891122,14,1
16836,1182,114.57206882550716,14,1
16853,1183,56.15527480800442,17,1
16867,1184,126.20877587036792,14,1
16882,1185,95.75065706376935,15,1
16897,1186,47.18537371446515,15,1
16911,1187,43.236605396583286,14,1
16925,1188,98.211519533224,14,1
16941,1189,125.77071173627319,16,1
16955,1190,81.31156374157712,14,1
16973,1191,91.25196231040508,18,1
16987,1192,118.28623685674887,14,1
17001,1193,76.75371274965592,14,1
17015,1194,92.7932821230126,14,1
17030,1195,120.44930303935348,15,1
17044,1196,104.66114885981462,14,1
17060,1197,80.15357219579018,16,1
17074,1198,38.991515288671316,14,1
17090,1199,124.49495090407991,16,1
17104,1200,66.4640629803242,14,1
17118,1201,69.99659419573766,14,1
17132,1202,58.3687904264421,14,1
17152,1203,96.54075517460448,20,1
17166,1204,106.99998936007559,14,1
17184,1205,114.4463270792264,18,1
17198,1206,64.02375010766531,14,1
17213,1207,62.62649995073201,15,1
17227,1208,65.75990161139735,14,1
17242,1209,81.50036550136042,15,1
17256,1210,101.63609916121814,14,1
17270,1211,43.4987439643343,14,1
17287,1212,82.86549213177375,17,1
17301,1213,97.64284096932084,14,1
17315,1214,54.46515797182004,14,1
17329,1215,88.70518689881177,14,1
17343,1216,51.466582273646054,14,1
17357,1217,84.69372658069848,14,1
17373,1218,114.75499618831925,16,1
17387,1219,77.95691196521601,14,1
17402,1220,59.504215789870045,15,1
17418,1221,68.54910748884495,16,1
17432,1222,52.056478770555245,14,1
17452,1223,107.24251018765969,20,1
17466,1224,59.18093547094995,14,1
17483,1225,48.04500984475101,17,1
17498,1226,40.80892017602364,15,1
17514,1227,105.77214653227314,16,1
17528,1228,70.4231544579357,14,1
17543,1229,42.61227396468396,15,1
17557,1230,125.1077084530781,14,1
17574,1231,61.946268371909426,17,1
17589,1232,114.83018723905167,15,1
17604,1233,63.748687541721125,15,1
17619,1234,64.47584876328486,15,1
17636,1235,77.80362021833334,17,1
17652,1236,44.612574204731516,16,1
17666,1237,67.10365743956093,14,1
17685,1238,103.84902908234801,19,1
17699,1239,105.19134121234747,14,1
17716,1240,53.30748656359234,17,1
17731,1241,127.42416136167873,15,1
17749,1242,106.97971140252133,18,1
17765,1243,51.46189279256214,16,1
17779,1244,77.9603056771346,14,1
17794,1245,89.94335423679972,15,1
17810,1246,51.226598366873105,16,1
17830,1247,121.64473078664884,20,1
17844,1248,64.39468077950806,14,1
17860,1249,19.854986941700155,16,1
17874,1250,56.4938179955102,14,1
17888,1251,55.69531390292921,14,1
17902,1252,59.11002726763597,14,1
17917,1253,35.019356853939414,15,1
17931,1254,67.13129495112881,14,1
17948,1255,48.84367229234072,17,1
17962,1256,46.40965557909173,14,1
17977,1257,50.38854552041161,15,1
17992,1258,62.00642418907784,15,1
18006,1259,49.09238722046815,14,1
18020,1260,41.04301102621811,14,1
18034,1261,106.27882248706446,14,1
18048,1262,94.40803166920446,14,1
18064,1263,47.292319754039745,16,1
18079,1264,30.678784482443042,15,1
18093,1265,54.24450712573303,14,1
18107,1266,100.86335807437709,14,1
18123,1267,115.30984881815239,16,1
18139,1268,113.2787024167943,16,1
18153,1269,79.066971015508,14,1
18168,1270,65.09245430315254,15,1
18183,1271,84.8043451422515,15,1
18201,1272,28.111807192764925,18,1
18219,1273,33.885670859317734,18,1
18233,1274,66.39607268050553,14,1
18247,1275,90.33470871002302,14,1
18262,1276,126.34288004513681,15,1
18279,1277,100.85443942824175,17,1
18293,1278,94.57282573800977,14,1
18308,1279,58.49598528885414,15,1
18329,1280,115.05098548914658,21,1
18343,1281,131.49399607607018,14,1
18357,1282,65.81242807709825,14,1
18371,1283,90.21276439700088,14,1
18395,1284,24.580043751501737,24,1
18410,1285,109.00175902784586,15,1
18424,1286,71.37697033923284,14,1
18439,1287,92.36548075744844,15,1
18453,1288,79.45763774761213,14,1
18467,1289,106.3879876416752,14,1
18482,1290,97.7657814134253,15,1
18497,1291,86.62784556332853,15,1
18514,1292,112.26596499758531,17,1
18528,1293,123.6326539909459,14,1
18545,1294,106.9694756720298,17,1
18566,1295,88.82879022097947,21,1
18581,1296,113.45027229836992,15,1
18598,1297,115.45623262049381,17,1
18612,1298,93.48239713162864,14,1
18626,1299,123.35399612428041,14,1
18641,1300,101.66676502428342,15,1
18657,1301,107.54329960363602,16,1
18671,1302,75.85783696871785,14,1
18688,1303,104.263256571963,17,1
18703,1304,108.73356730052657,15,1
18717,1305,86.83333864649444,14,1
18731,1306,80.93510479959684,14,1
18746,1307,112.59120196875112,15,1
18760,1308,119.19013826574476,14,1
18778,1309,90.29968012491899,18,1
18792,1310,102.19456355269492,14,1
18806,1311,94.38056081053101,14,1
18820,1312,80.49502914360072,14,1
18836,1313,96.70638354634717,16,1
18851,1314,114.86604350683194,15,1
18865,1315,110.1282993403073,14,1
18879,1316,109.02447177044243,14,1
18894,1317,119.52052072478236,15,1
18910,1318,69.35008987308815,16,1
18928,1319,122.99192092719326,18,1
18946,1320,81.66745330875997,18,1
18968,1321,28.104540626448323,22,1
18983,1322,100.66523867022646,15,1
19002,1323,69.87817460385111,19,1
19016,1324,106.89962092968142,14,1
19031,1325,59.68969022410676,15,1
19046,1326,115.1386037913945,15,1
19066,1327,110.02250106438682,20,1
19081,1328,125.19472749097824,15,1
19095,1329,113.22548480307596,14,1
19109,1330,31.899221158501135,14,1
19127,1331,101.56123636946086,18,1
19143,1332,104.32000464599012,16,1
19159,1333,98.34977892452862,16,1
19174,1334,89.10759770338143,15,1
19188,1335,109.40960080072868,14,1
19202,1336,102.70750531310006,14,1
19220,1337,106.83756802208042,18,1
19237,1338,95.67895143611737,17,1
19252,1339,128.20546797987606,15,1
19267,1340,133.73166915553205,15,1
19283,1341,132.04677844717415,16,1
19299,1342,130.62983028420564,16,1
19318,1343,88.02436258830241,19,1
19332,1344,128.7685574393296,14,1
19346,1345,82.49182351487521,14,1
19363,1346,108.37383353328626,17,1
19378,1347,113.18832041765124,15,1
19393,1348,110.34752812606006,15,1
19408,1349,113.00468843995174,15,1
19422,1350,109.25992832099837,14,1
19436,1351,110.39135789620778,14,1
19450,1352,134.4166356610347,14,1
19469,1353,90.50740009149902,19,1
19485,1354,119.00856206169402,16,1
19506,1355,98.20245962598572,21,1
19520,1356,48.17984035012256,14,1
19535,1357,115.81644414157996,15,1
19557,1358,50.318801967093506,22,1
19571,1359,37.231676592580406,14,1
19589,1360,133.51646800110402,18,1
19604,1361,123.76095975869755,15,1
19618,1362,87.45972133591384,14,1
19632,1363,24.4916785694229,14,1
19655,1364,89.83886133719992,23,1
19674,1365,115.08431426567907,19,1
19689,1366,122.38081391970574,15,1
19703,1367,122.15011931552536,14,1
19723,1368,94.59555358542886,20,1
19737,1369,88.88765772931505,14,1
19753,1370,128.00997038459778,16,1
19767,1371,111.66478914294714,14,1
19781,1372,71.84992233070436,14,1
19795,1373,97.34467013771753,14,1
19810,1374,75.16357858636063,15,1
19824,1375,101.30310354138346,14,1
19851,1376,52.311476290287786,27,1
19865,1377,93.84728075788027,14,1
19879,1378,103.36387895957803,14,1
19893,1379,82.33166823864453,14,1
19907,1380,104.0068506943443,14,1
19921,1381,44.02342490104804,14,1
19935,1382,124.31335718275729,14,1
19949,1383,67.60229416918537,14,1
19964,1384,103.08320153462246,15,1
19978,1385,9.95842916417844,14,1
19993,1386,118.84934836224174,15,1
20010,1387,129.90335687685325,17,1
20030,1388,91.86560418076785,20,1
20044,1389,81.36855392280467,14,1
20058,1390,133.63638515826742,14,1
20073,1391,120.20313290603903,15,1
20087,1392,121.04448932641519,14,1
20101,1393,80.0350836207315,14,1
20115,1394,93.60412702838858,14,1
20132,1395,122.34014666370228,17,1
20147,1396,106.70726535515149,15,1
20162,1397,123.91726238572767,15,1
20178,1398,134.287232138783,16,1
20192,1399,72.84246422967607,14,1
20206,1400,106.12735304178844,14,1
20227,1401,73.34435343672149,21,1
20241,1402,130.4316287927903,14,1
20258,1403,132.71620000530615,17,1
20273,1404,105.65126703419214,15,1
20292,1405,128.42131516009715,19,1
20306,1406,94.4978149613256,14,1
20320,1407,122.84062547923321,14,1
20335,1408,86.51121661432484,15,1
20351,1409,126.92067570461124,16,1
20365,1410,128.68229478672652,14,1
20380,1411,83.62691419845042,15,1
20394,1412,104.4321973524737,14,1
20408,1413,103.72752563662738,14,1
20422,1414,105.27711420103425,14,1
20436,1415,114.22120399230079,14,1
20450,1416,67.77451432344793,14,1
20464,1417,135.87307202248252,14,1
20478,1418,129.5065748937123,14,1
20492,1419,97.20752505917466,14,1
20506,1420,45.15439850570223,14,1
20521,1421,104.60242089005747,15,1
20535,1422,118.75200042381222,14,1
20549,1423,135.6156499132813,14,1
20563,1424,62.4942823204102,14,1
20577,1425,79.83136101216839,14,1
20591,1426,108.43788959735787,14,1
20605,1427,106.45416332281862,14,1
20619,1428,51.9417242809422,14,1
20633,1429,106.72947426269097,14,1
20647,1430,114.1673149969105,14,1
20666,1431,57.83147404380577,19,1
20680,1432,102.08998990088918,14,1
20694,1433,80.0681095671581,14,1
20708,1434,71.4754825449906,14,1
20722,1435,122.58374597905328,14,1
20736,1436,72.63015865395039,14,1
20751,1437,54.91262059060825,15,1
20765,1438,108.62936930350553,14,1
20780,1439,37.94940591252568,15,1
20798,1440,18.629798266876737,18,1
20818,1441,20.487331309201572,20,1
20832,1442,141.79946467842797,14,1
20846,1443,82.70977103748265,14,1
20860,1444,72.88843660964919,14,1
20877,1445,132.63961963919763,17,1
20891,1446,97.80960905763153,14,1
20907,1447,93.31043214573778,16,1
20921,1448,72.38278734164685,14,1
20935,1449,57.72531240797195,14,1
20953,1450,81.29387486590838,18,1
20969,1451,92.87349574724499,16,1
20985,1452,95.09480917285617,16,1
21000,1453,104.51906935659203,15,1
21014,1454,45.51907414778667,14,1
21028,1455,119.47247696811588,14,1
21045,1456,29.97894006346165,17,1
21059,1457,49.86884459952046,14,1
21073,1458,81.74978047505486,14,1
21087,1459,75.92253441749452,14,1
21101,1460,72.06852253502348,14,1
21115,1461,10.807513865366404,14,1
21129,1462,16.496151313741994,14,1
21143,1463,97.85718599819627,14,1
21158,1464,103.4168617287622,15,1
21176,1465,77.11340109189182,18,1
21190,1466,63.87475123836198,14,1
21205,1467,46.20933208745621,15,1
21220,1468,107.16241729233018,15,1
21234,1469,3.947626648284094,14,1
21250,1470,50.75207959108191,16,1
21265,1471,136.06030011185234,15,1
21279,1472,67.18429176175991,14,1
21300,1473,35.07357984258708,21,1
21316,1474,40.50308220717942,16,1
21334,1475,66.43871886552122,18,1
21348,1476,18.555260292669193,14,1
21364,1477,120.64282533665704,16,1
21378,1478,36.455549116111605,14,1
21392,1479,31.296353398454748,14,1
21408,1480,56.56266852464306,16,1
21422,1481,19.08705354754425,14,1
21438,1482,96.79255335699054,16,1
21455,1483,123.39355994126707,17,1
21469,1484,22.231015988864947,14,1
21483,1485,15.875887779478228,14,1
21500,1486,43.280519125928436,17,1
21514,1487,97.6799099691794,14,1
21530,1488,114.97113444892958,16,1
21544,1489,136.30386759605182,14,1
21560,1490,130.7952444830319,16,1
21577,1491,67.53483863022933,17,1
21592,1492,65.19195661388676,15,1
21606,1493,110.43239039867207,14,1
21620,1494,96.99931910570777,14,1
21634,1495,64.75343557031962,14,1
21648,1496,83.32967475654688,14,1
21662,1497,134.53798532070343,14,1
21688,1498,130.71114364556948,26,1
21702,1499,25.66149128672435,14,1
21717,1500,97.25134857473577,15,1
21734,1501,129.03238316473133,17,1
21748,1502,56.69428964727664,14,1
21767,1503,23.269938864418293,19,1
21783,1504,55.0187642251819,16,1
21799,1505,81.58637591680647,16,1
21813,1506,123.7435587880987,14,1
21830,1507,85.41648102426048,17,1
21849,1508,54.15756716522881,19,1
21868,1509,80.35106476452954,19,1
21883,1510,57.7331724166693,15,1
21897,1511,118.08098301979568,14,1
21911,1512,8.757276957208969,14,1
21927,1513,112.59178183496628,16,1
21941,1514,54.29341361113972,14,1
21955,1515,128.16344003578223,14,1
21969,1516,113.18086011871208,14,1
21988,1517,88.76026193015663,19,1
22006,1518,93.35183231924901,18,1
22022,1519,114.78880722860147,16,1
22036,1520,120.70033336403918,14,1
22050,1521,102.87544211810587,14,1
22064,1522,128.90528063735104,14,1
22078,1523,17.32699068999275,14,1
22096,1524,125.74798859322316,18,1
22110,1525,35.128708225106884,14,1
22127,1526,103.51411721234544,17,1
22142,1527,98.5583508381956,15,1
22156,1528,70.55103118605837,14,1
22170,1529,123.76893849630301,14,1
22184,1530,119.23864699173566,14,1
22198,1531,46.287689930762994,14,1
22212,1532,52.341956895391604,14,1
22227,1533,122.67918739536678,15,1
22242,1534,106.97341851124398,15,1
22257,1535,90.12389720261127,15,1
22271,1536,86.28761931430296,14,1
22285,1537,85.46165920076317,14,1
22305,1538,114.46250117980523,20,1
22319,1539,92.55649806229363,14,1
22333,1540,14.527798221940133,14,1
22347,1541,67.44749901024646,14,1
22362,1542,136.04153257113015,15,1
22376,1543,41.35546023840442,14,1
22390,1544,11.195298832915269,14,1
22404,1545,130.71736665732112,14,1
22419,1546,45.59902027179638,15,1
22433,1547,123.53603294031468,14,1
22447,1548,4.261389655104467,14,1
22461,1549,5.673655491118377,14,1
22476,1550,120.02096376068343,15,1
22492,1551,139.02595488784615,16,1
22506,1552,76.14322997851606,14,1
22522,1553,47.09461948052875,16,1
22537,1554,10.400606064638069,15,1
22551,1555,128.25396175012457,14,1
22565,1556,112.79656254039809,14,1
22579,1557,132.4269319690709,14,1
22593,1558,103.02876318442247,14,1
22608,1559,121.63685470496162,15,1
22622,1560,33.13942675987379,14,1
22641,1561,100.30442347850351,19,1
22655,1562,19.06120337322794,14,1
22671,1563,97.29811830173313,16,1
22687,1564,141.72035832174723,16,1
22704,1565,144.21943560106627,17,1
22718,1566,69.93431099681969,14,1
22732,1567,12.446533794546443,14,1
22746,1568,16.91101029766897,14,1
22760,1569,19.37545733032569,14,1
22775,1570,110.00092544221344,15,1
22794,1571,18.99604560387738,19,1
22808,1572,71.75409949308616,14,1
22825,1573,2.3065925591486818,17,1
22843,1574,143.17430551676162,18,1
22857,1575,1.5006016125837667,14,1
22873,1576,133.75253834993393,16,1
22905,1577,11.297586940740647,32,1
22920,1578,-0.5064807541160385,15,1
22934,1579,1.7064585317631147,14,1
22948,1580,24.491939539002818,14,1
22963,1581,39.91536932370689,15,1
22988,1582,-6.71253910099402,25,1
23002,1583,-15.532000647204233,14,1
23019,1584,-3.0029009317957707,17,1
23034,1585,-12.09699808794972,15,1
23049,1586,11.153493772854969,15,1
23074,1587,11.94158104163899,25,1
23088,1588,-0.2608608000072502,14,1
23108,1589,-109.42357664029768,20,1
23125,1590,-22.746606762383543,17,1
23139,1591,11.070863710843465,14,1
23163,1592,23.47789701807369,24,1
23177,1593,-11.75288783885975,14,1
23196,1594,-44.86754866019545,19,1
23210,1595,-1.088160334488664,14,1
23239,1596,10.75873351777208,29,1
23259,1597,-36.7125116313409,20,1
23278,1598,-3.9203458907320416,19,1
23304,1599,9.73715566652287,26,1
23318,1600,25.841880601206636,14,1
23332,1601,0.07027180664046223,14,1
23351,1602,-104.9434767622813,19,1
23374,1603,-109.32605252686463,23,1
23388,1604,-18.873723967654083,14,1
23405,1605,-49.08851396901083,17,1
23424,1606,-57.86319257614541,19,1
23457,1607,9.672623710466475,33,1
23482,1608,11.977188582829656,25,1
23508,1609,10.57727022672207,26,1
23523,1610,-15.696568366417633,15,1
23541,1611,12.184226496419017,18,1
23559,1612,12.155171599179695,18,1
23574,1613,-41.023724728847604,15,1
23603,1614,11.499392894550011,29,1
23626,1615,12.449721519891323,23,1
23650,1616,11.993217432140487,24,1
23664,1617,-22.05688828575263,14,1
23688,1618,12.242171295064377,24,1
23706,1619,11.820481942253348,18,1
23720,1620,-17.164379277622185,14,1
23735,1621,-35.50609747455621,15,1
23759,1622,11.235142218173578,24,1
23776,1623,-20.3747037197269,17,1
23798,1624,-12.284895322871849,22,1
23812,1625,-6.224211808533486,14,1
23827,1626,-13.355034293261273,15,1
23843,1627,-8.19023824937049,16,1
23861,1628,-4.376028092479286,18,1
23875,1629,-8.489143999821044,14,1
23892,1630,-3.4268916055721177,17,1
23911,1631,-13.623275220634671,19,1
23926,1632,-11.127820527836347,15,1
23941,1633,-8.505967561962926,15,1
23958,1634,-5.117626271692788,17,1
23975,1635,-9.524827378935054,17,1
23989,1636,-8.291640914325464,14,1
24003,1637,-5.587589447831594,14,1
24018,1638,-4.6410249617308725,15,1
24033,1639,-7.551284746301408,15,1
24051,1640,-8.786286498381262,18,1
24070,1641,-7.381767652263299,19,1
24084,1642,0.504991156925145,14,1
24098,1643,-3.230623846270697,14,1
24113,1644,-9.088037716667566,15,1
24127,1645,-4.300152884596069,14,1
24141,1646,-6.705276107386689,14,1
24156,1647,-9.669946048685517,15,1
24170,1648,-8.808036257257143,14,1
24189,1649,-9.781332630016,19,1
24203,1650,-6.171781900402191,14,1
24217,1651,-10.776214283257495,14,1
24231,1652,-6.4016826098531885,14,1
24245,1653,-5.720129241459071,14,1
24259,1654,-3.708473231856405,14,1
24274,1655,3.006124661253535,15,1
24288,1656,-3.0083337755374133,14,1
24302,1657,13.365631055187125,14,1
24316,1658,-2.743158682972656,14,1
24330,1659,-5.4582396676893055,14,1
24344,1660,-2.5456678757025686,14,1
24365,1661,67.02009617073301,21,1
24379,1662,-3.248296816564596,14,1
24396,1663,-3.205554708624864,17,1
24418,1664,13.429025922032785,22,1
24434,1665,-12.20646214035294,16,1
24452,1666,-4.745938266389641,18,1
24466,1667,-4.402189784533478,14,1
24480,1668,-2.9436593700528615,14,1
24495,1669,-1.1762564515813319,15,1
24512,1670,0.4859288938625618,17,1
24526,1671,-2.5104721832962484,14,1
24540,1672,-1.368338083171444,14,1
24555,1673,-1.7511514926779663,15,1
24569,1674,-4.133223128827327,14,1
24583,1675,-1.1072948173702688,14,1
24611,1676,-8.954286345565608,28,1
24625,1677,1.2656619570233658,14,1
24639,1678,-0.4323789474527991,14,1
24654,1679,-4.722248207729454,15,1
24669,1680,-2.7390426413782727,15,1
24683,1681,-5.503178588192909,14,1
24699,1682,3.779521649964285,16,1
24713,1683,55.04090012705433,14,1
24727,1684,1.6207403938844565,14,1
24743,1685,-5.061546659304463,16,1
24760,1686,-2.7388564062525034,17,1
24774,1687,6.022846244671524,14,1
24789,1688,33.11068180535003,15,1
24803,1689,6.515743733593535,14,1
24817,1690,53.64922278077203,14,1
24831,1691,8.658098044499315,14,1
24845,1692,53.322914175585844,14,1
24859,1693,-3.382255098973885,14,1
24873,1694,-2.0708278442525496,14,1
24887,1695,-5.569168946458493,14,1
24904,1696,13.713446929674598,17,1
24924,1697,16.301973283681694,20,1
24938,1698,0.08221174825519079,14,1
24955,1699,1.6265616131074772,17,1
24970,1700,-0.000302305916954404,15,1
24989,1701,-1.759096137317094,19,1
25003,1702,22.70772559886103,14,1
25017,1703,21.603348667354567,14,1
25031,1704,71.48915453059551,14,1
25046,1705,119.3798444752541,15,1
25060,1706,10.766299810554365,14,1
25081,1707,47.87355922272618,21,1
25101,1708,-3.1331444713645533,20,1
25115,1709,-0.3870359041645655,14,1
25129,1710,23.793748175514036,14,1
25157,1711,17.490170148225896,28,1
25195,1712,38.56680375325552,38,1
25209,1713,18.45309732683508,14,1
25223,1714,1.934704101673807,14,1
25237,1715,-3.136586762562585,14,1
25251,1716,0.5247739611306115,14,1
25270,1717,26.65821331908282,19,1
25284,1718,15.342384342825714,14,1
25298,1719,40.42040489657826,14,1
25312,1720,16.5331277184095,14,1
25335,1721,5.9940069215331935,23,1
25349,1722,-1.6396107912680078,14,1
25366,1723,0.24313764093186496,17,1
25380,1724,-0.986039750791642,14,1
25395,1725,122.10081413265614,15,1
25410,1726,0.7298896481646402,15,1
25427,1727,13.541072546862253,17,1
25441,1728,-1.9686715518489555,14,1
25469,1729,-1.0161386994830597,28,1
25483,1730,-3.3990811712926132,14,1
25497,1731,-4.187459467680201,14,1
25513,1732,-5.914402008096327,16,1
25527,1733,52.763117096649324,14,1
25542,1734,-2.3805700200201696,15,1
25559,1735,-1.0293061291559078,17,1
25587,1736,37.10158439204697,28,1
25601,1737,36.76484650351565,14,1
25624,1738,-1.788472706088379,23,1
25651,1739,29.360680565437757,27,1
25667,1740,-0.4040857131849713,16,1
25681,1741,62.966664170067304,14,1
25697,1742,-3.5035579314025127,16,1
25730,1743,46.90098455532183,33,1
25745,1744,57.28317150209382,15,1
25763,1745,-10.366432421260663,18,1
25779,1746,-6.08874725132601,16,1
25796,1747,-3.21186857457715,17,1
25810,1748,-5.977014741302747,14,1
25837,1749,-8.538458469334437,27,1
25851,1750,39.312562238828775,14,1
25865,1751,70.67798001540217,14,1
25881,1752,-9.616704481623321,16,1
25898,1753,62.61016595179078,17,1
25912,1754,66.00457425208361,14,1
25938,1755,-6.103555552346111,26,1
25957,1756,-8.191900441119403,19,1
25971,1757,38.29355734830675,14,1
25996,1758,-7.855886186304739,25,1
26018,1759,-3.170276207762603,22,1
26046,1760,25.00851080109788,28,1
26061,1761,82.79547987794169,15,1
26078,1762,19.64320635294635,17,1
26100,1763,-8.986037092311374,22,1
26122,1764,-4.431442319850661,22,1
26138,1765,19.624626471518177,16,1
26152,1766,54.53698467758361,14,1
26166,1767,25.069254473545467,14,1
26191,1768,6.4224505537649295,25,1
26205,1769,25.981777005225627,14,1
26219,1770,26.275017306143052,14,1
26259,1771,-21.114662175572867,40,0
26296,1772,-16.76449085349872,37,1
26311,1773,95.90763055352322,15,1
26328,1774,12.741695010206834,17,1
26342,1775,23.340779879260012,14,1
26356,1776,108.09264091417641,14,1
26373,1777,88.12850005781908,17,1
26397,1778,19.428110701517774,24,1
26412,1779,89.20051920565416,15,1
26430,1780,126.29711339916635,18,1
26456,1781,42.83695370802654,26,1
26472,1782,52.33021570325137,16,1
26487,1783,142.39805717311637,15,1
26501,1784,29.06437526143445,14,1
26520,1785,17.366966286868276,19,1
26535,1786,16.344962337108363,15,1
26549,1787,36.853653539470855,14,1
26563,1788,7.348457832375908,14,1
26585,1789,23.212370435198928,22,1
26599,1790,93.05230605701134,14,1
26613,1791,10.60014055083141,14,1
26628,1792,-4.487450589876007,15,1
26642,1793,55.46240750335234,14,1
26657,1794,54.67849506983907,15,1
26671,1795,23.217042668589052,14,1
26686,1796,24.01731697302361,15,1
26707,1797,12.02268364855811,21,1
26722,1798,125.87990529224578,15,1
26736,1799,10.36944343921881,14,1
26751,1800,17.243417690496365,15,1
26766,1801,21.38140850659427,15,1
26783,1802,22.607248550181446,17,1
26803,1803,41.125898941457,20,1
26819,1804,12.451559892176743,16,1
26836,1805,15.027081358764205,17,1
26857,1806,16.936214191320854,21,1
26887,1807,11.63535042143017,30,1
26905,1808,12.783034328983545,18,1
26919,1809,-2.2902487219959764,14,1
26935,1810,52.44477545286298,16,1
26950,1811,16.03033776996125,15,1
26971,1812,-4.802472975279437,21,1
26985,1813,15.762996148100235,14,1
26999,1814,8.885348135441156,14,1
27013,1815,-1.3123646702581422,14,1
27030,1816,17.545672509817607,17,1
27046,1817,55.88362636155045,16,1
27064,1818,86.75011490308404,18,1
27099,1819,-8.027450728744798,35,1
27117,1820,10.09785062749855,18,1
27140,1821,69.47107920216979,23,1
27161,1822,-15.61041906147946,21,1
27175,1823,17.470995656573656,14,1
27190,1824,29.983768271861116,15,1
27206,1825,114.38464478745696,16,1
27233,1826,51.82216262396853,27,1
27247,1827,38.077799712099846,14,1
27267,1828,107.69271920770271,20,1
27284,1829,88.43238607106142,17,1
27298,1830,65.58432436807361,14,1
27324,1831,1.843101269686506,26,1
27346,1832,50.63081998821624,22,1
27361,1833,26.58516564836864,15,1
27394,1834,25.946936794724596,33,1
27409,1835,81.09315470964312,15,1
27425,1836,47.09704420879737,16,1
27445,1837,68.7933675426038,20,1
27460,1838,36.926715576585714,15,1
27488,1839,12.240149840154043,28,1
27502,1840,125.34640286260044,14,1
27525,1841,37.25090279787261,23,1
27541,1842,94.67239363133692,16,1
27557,1843,91.97502906463352,16,1
27578,1844,64.92157034966115,21,1
27594,1845,88.22975444223955,16,1
27618,1846,113.3135506466194,24,1
27635,1847,123.83621359808838,17,1
27651,1848,75.74505853473389,16,1
27666,1849,65.62010663380285,15,1
27681,1850,141.98170616116775,15,1
27695,1851,61.6547327611068,14,1
27718,1852,33.98345266693112,23,1
27734,1853,136.01137645374493,16,1
27748,1854,144.06872854387692,14,1
27762,1855,69.58060449581987,14,1
27776,1856,38.30486881196504,14,1
27791,1857,35.063127082556726,15,1
27813,1858,-6.278863820536438,22,1
27830,1859,80.17855060257298,17,1
27851,1860,92.40306997164993,21,1
27869,1861,124.66207043709689,18,1
27885,1862,131.70285332914565,16,1
27905,1863,47.416393215906695,20,1
27939,1864,30.849091478168543,34,1
27957,1865,135.07598102258876,18,1
27979,1866,32.09256422529125,22,1
27998,1867,46.88750150866624,19,1
28012,1868,112.33092329904687,14,1
28032,1869,58.49607297328289,20,1
28056,1870,33.48579554698171,24,1
28070,1871,37.46743960277908,14,1
28084,1872,100.13143173760942,14,1
28105,1873,16.905334344177298,21,1
28120,1874,46.68009684949183,15,1
28137,1875,76.37219573362341,17,1
28151,1876,28.89050648822972,14,1
28166,1877,59.88775581900427,15,1
28182,1878,111.02145626174192,16,1
28199,1879,66.96577604670745,17,1
28215,1880,110.08803805575026,16,1
28234,1881,38.07698761467994,19,1
28249,1882,48.150494025061626,15,1
28265,1883,83.28197767572699,16,1
28281,1884,80.66413299754136,16,1
28299,1885,46.39833270674111,18,1
28314,1886,112.11110772473822,15,1
28330,1887,60.191171162919574,16,1
28346,1888,40.0788286569196,16,1
28364,1889,77.2356676785253,18,1
28393,1890,-2.685350197763287,29,1
28419,1891,28.419544835073754,26,1
28437,1892,111.76923659877463,18,1
28454,1893,46.78193835053787,17,1
28494,1894,-20.880857645232002,40,0
28531,1895,-5.739927053381742,37,1
28550,1896,75.34470133065392,19,1
28570,1897,63.782172910111846,20,1
28598,1898,-2.0934999219904777,28,1
28632,1899,-6.370938723360307,34,1
28668,1900,-14.130266807270221,36,1
28689,1901,-1.4421140857847023,21,1
28709,1902,-5.028126264128687,20,1
28749,1903,-21.25072516719148,40,0
28785,1904,10.287735186073904,36,1
28802,1905,103.49594767664051,17,1
28826,1906,52.418375835040315,24,1
28847,1907,26.00378313759835,21,1
28871,1908,18.894814508879456,24,1
28889,1909,46.859808881265366,18,1
28921,1910,-0.18278092614593444,32,1
28935,1911,103.74816738224023,14,1
28955,1912,125.88654702794358,20,1
28971,1913,63.86150605295786,16,1
29006,1914,-3.2583739511358067,35,1
29021,1915,124.02097145137533,15,1
29036,1916,85.19614424195186,15,1
29054,1917,62.063421640965146,18,1
29072,1918,93.90163869519566,18,1
29088,1919,121.39326769638915,16,1
29105,1920,120.78037161397468,17,1
29135,1921,-6.726425369941913,30,1
29149,1922,2.0903636368701366,14,1
29172,1923,109.98007159692526,23,1
29204,1924,14.363147269756947,32,1
29221,1925,129.42104880041595,17,1
29240,1926,122.9581377817925,19,1
29280,1927,-20.910998642303916,40,0
29296,1928,39.256452085866506,16,1
29321,1929,9.978326297732226,25,1
29336,1930,128.9585964220173,15,1
29376,1931,-21.280088867599993,40,0
29407,1932,-6.823493441166435,31,1
29422,1933,32.588350898203764,15,1
29462,1934,-20.915452573243826,40,0
29476,1935,2.091189222927286,14,1
29494,1936,80.84048611123764,18,1
29524,1937,6.6785228272196,30,1
29542,1938,99.58729967251924,18,1
29565,1939,2.371704432974688,23,1
29579,1940,56.691430734993084,14,1
29603,1941,9.865377368823616,24,1
29643,1942,-20.92296983881851,40,0
29683,1943,-21.156222501795924,40,0
29702,1944,25.19388784010066,19,1
29718,1945,85.4378995465246,16,1
29734,1946,107.70597692915689,16,1
29754,1947,68.46537914988957,20,1
29778,1948,50.67873770678391,24,1
29804,1949,-1.166084310219082,26,1
29819,1950,115.11963109587829,15,1
29838,1951,3.1048590374399416,19,1
29878,1952,-21.209484694893522,40,0
29896,1953,124.95523913918153,18,1
29931,1954,-34.99360976602236,35,1
29945,1955,26.604900542084632,14,1
29959,1956,129.2601340015853,14,1
29999,1957,-20.96805206745033,40,0
